,0,1,2,3,4,5,6,7,8,9,10,11,12,13,14,15,16,17,18,19
0,-0.03908779406958942,-0.00197120934644792,-0.0005730465970198264,-0.000285312322708311,0.00012981464684207856,-3.192243716894959e-05,0.0003369798715750311,2.6112148867475852e-05,0.00013945144219916012,3.42492593667408e-05,-0.00016246330581971786,1.9947875814638844e-05,-0.0003477270184130837,3.6225229886747896e-06,-0.00036543271806052446,6.040623528866377e-06,-0.0002865188487180219,2.3884846026934002e-05,-0.00018734720815463186,4.046171953105872e-05
1,-0.03724769034500687,0.0017018695810858875,-0.0005730465970198264,-0.000285312322708311,0.00012981464684207856,-3.192243716894959e-05,0.0003369798715750311,2.6112148867475852e-05,0.00013945144219916012,3.42492593667408e-05,-0.00016246330581971786,1.9947875814638844e-05,-0.0003477270184130837,3.6225229886747896e-06,-0.00036543271806052446,6.040623528866377e-06,-0.0002865188487180219,2.3884846026934002e-05,-0.00018734720815463186,4.046171953105872e-05
2,-0.04033604568921471,-0.008135955813726378,-0.010711905743683473,-0.000285312322708311,0.00012981464684207856,-3.192243716894959e-05,0.0003369798715750311,2.6112148867475852e-05,0.00013945144219916012,3.42492593667408e-05,-0.00016246330581971786,1.9947875814638844e-05,-0.0003477270184130837,3.6225229886747896e-06,-0.00036543271806052446,6.040623528866377e-06,-0.0002865188487180219,2.3884846026934002e-05,-0.00018734720815463186,4.046171953105872e-05
3,-0.028046698229520266,0.0225598769093474,0.031062067046378285,0.022632488619738093,0.00012981464684207856,-3.192243716894959e-05,0.0003369798715750311,2.6112148867475852e-05,0.00013945144219916012,3.42492593667408e-05,-0.00016246330581971786,1.9947875814638844e-05,-0.0003477270184130837,3.6225229886747896e-06,-0.00036543271806052446,6.040623528866377e-06,-0.0002865188487180219,2.3884846026934002e-05,-0.00018734720815463186,4.046171953105872e-05
4,-0.03083479723674696,-0.007536606326254363,-0.03159047088436286,-0.034657393715393,-0.031001144754171265,-3.192243716894959e-05,0.0003369798715750311,2.6112148867475852e-05,0.00013945144219916012,3.42492593667408e-05,-0.00016246330581971786,1.9947875814638844e-05,-0.0003477270184130837,3.6225229886747896e-06,-0.00036543271806052446,6.040623528866377e-06,-0.0002865188487180219,2.3884846026934002e-05,-0.00018734720815463186,4.046171953105872e-05
5,-0.034676875269298545,-0.009640481285183512,-0.00274129933730771,0.015541757182809054,0.027407715471207506,0.03132877178924133,0.0003369798715750311,2.6112148867475852e-05,0.00013945144219916012,3.42492593667408e-05,-0.00016246330581971786,1.9947875814638844e-05,-0.0003477270184130837,3.6225229886747896e-06,-0.00036543271806052446,6.040623528866377e-06,-0.0002865188487180219,2.3884846026934002e-05,-0.00018734720815463186,4.046171953105872e-05
6,-0.020612970584363427,0.026102116763902956,0.03626326149059877,0.021113149475355725,0.003157273950245659,-0.013052390195995113,-0.02293806181409556,2.6112148867475852e-05,0.00013945144219916012,3.42492593667408e-05,-0.00016246330581971786,1.9947875814638844e-05,-0.0003477270184130837,3.6225229886747896e-06,-0.00036543271806052446,6.040623528866377e-06,-0.0002865188487180219,2.3884846026934002e-05,-0.00018734720815463186,4.046171953105872e-05
7,-0.02797202192988314,-0.016660803233335974,-0.044644495840333566,-0.04467246904655231,-0.03561767401784003,-0.02085084070025372,-0.003752801748623142,0.010306740792333966,0.00013945144219916012,3.42492593667408e-05,-0.00016246330581971786,1.9947875814638844e-05,-0.0003477270184130837,3.6225229886747896e-06,-0.00036543271806052446,6.040623528866377e-06,-0.0002865188487180219,2.3884846026934002e-05,-0.00018734720815463186,4.046171953105872e-05
8,-0.028784518919199746,-0.0035930557294938177,0.012894569058721283,0.03128144438482615,0.04140269039737165,0.041321599756415014,0.03294239348851028,0.019689628512213665,0.004986665716095115,3.42492593667408e-05,-0.00016246330581971786,1.9947875814638844e-05,-0.0003477270184130837,3.6225229886747896e-06,-0.00036543271806052446,6.040623528866377e-06,-0.0002865188487180219,2.3884846026934002e-05,-0.00018734720815463186,4.046171953105872e-05
9,-0.03426873337705385,-0.012918392535151068,-0.010183735196719399,-0.01294640121826177,-0.023903316680078206,-0.03509581019668069,-0.03973899656998243,-0.038920995053867306,-0.030138887128295096,-0.01846581269692634,-0.00016246330581971786,1.9947875814638844e-05,-0.0003477270184130837,3.6225229886747896e-06,-0.00036543271806052446,6.040623528866377e-06,-0.0002865188487180219,2.3884846026934002e-05,-0.00018734720815463186,4.046171953105872e-05
10,-0.03646980521061525,-0.006364826109369651,0.006181056493114321,0.008692647238308964,0.011888336597322227,0.0191852149964176,0.028803857880099693,0.03675554038490412,0.03923406641884615,0.03657186460733765,0.0283254030350055,1.9947875814638844e-05,-0.0003477270184130837,3.6225229886747896e-06,-0.00036543271806052446,6.040623528866377e-06,-0.0002865188487180219,2.3884846026934002e-05,-0.00018734720815463186,4.046171953105872e-05
11,-0.03754438830554782,-0.0041162126248779655,0.0017443736131997924,-0.002719340218442254,-0.006071387096299581,-0.009674798551737696,-0.014798225885448229,-0.023338534967990848,-0.03090524061033095,-0.0369069921030015,-0.03819560626112058,-0.03413339962924511,-0.0003477270184130837,3.6225229886747896e-06,-0.00036543271806052446,6.040623528866377e-06,-0.0002865188487180219,2.3884846026934002e-05,-0.00018734720815463186,4.046171953105872e-05
12,-0.03077829999800092,0.011534755590349053,0.015556835350953554,0.007292402399849926,0.005570132208680122,0.006218604038533279,0.00867203896576362,0.012602906848323207,0.018706855742191376,0.02616413995089014,0.03248357242680739,0.03630819089322169,0.03660281094798984,3.6225229886747896e-06,-0.00036543271806052446,6.040623528866377e-06,-0.0002865188487180219,2.3884846026934002e-05,-0.00018734720815463186,4.046171953105872e-05
13,-0.022052990320209836,0.015445608350050079,0.0034574767841797195,-0.006923194062090669,-0.00759485048214328,-0.00710042189204287,-0.0066479855930473295,-0.008183288336736195,-0.01059872906352463,-0.015400529432173005,-0.021676611501778506,-0.027787080343143367,-0.03396926701658834,-0.03546986046924978,-0.00036543271806052446,6.040623528866377e-06,-0.0002865188487180219,2.3884846026934002e-05,-0.00018734720815463186,4.046171953105872e-05
14,-0.024790540822146906,-0.007435705139480349,-0.024154519661518235,-0.015433649813764253,-0.004494713135212837,0.0016325931692273068,0.004916880002632169,0.006223270180347889,0.0075819018014604824,0.009609694203870586,0.012782994115265131,0.017712266407649335,0.02351921475692181,0.028900556540799587,0.032977500076507425,6.040623528866377e-06,-0.0002865188487180219,2.3884846026934002e-05,-0.00018734720815463186,4.046171953105872e-05
15,-0.033157042435508106,-0.01867180092868945,-0.012152962685516897,0.0062989140604922675,0.0119391522833157,0.008791694842123873,0.00409146448655765,-0.0004161956628775002,-0.0032905068571141972,-0.005692072962203428,-0.008082759349486015,-0.010692988331514544,-0.015247865358561204,-0.019482885410440458,-0.025427346688545134,-0.02955253954795015,-0.0002865188487180219,2.3884846026934002e-05,-0.00018734720815463186,4.046171953105872e-05
16,-0.023872350525265706,0.0165622057804041,0.035739107447153314,0.025988964618539157,0.010829263476929387,-0.0006278403055897597,-0.004602955529296292,-0.004632886642302437,-0.002038897624130596,0.0006934516485175515,0.003142726530237844,0.005783358927752437,0.008295034884542645,0.011837604112433897,0.015858121917155413,0.020900536565069266,0.025375584118959304,2.3884846026934002e-05,-0.00018734720815463186,4.046171953105872e-05
17,-0.013213657424866927,0.01930488531012175,0.002253557893329089,-0.018655965336240716,-0.024129957676534895,-0.018802113136950536,-0.00919424776724586,-0.0024341813436840106,0.0012753059920701415,0.0017797868316038795,0.00039983098080166894,-0.0013883149551498176,-0.004109669446563131,-0.006231677340706613,-0.00972505574247155,-0.012941556190401307,-0.017499726364294397,-0.021624123014023524,-0.00018734720815463186,4.046171953105872e-05
18,-0.009854220294339584,0.004734650528551234,-0.015589125075304511,-0.010074064247485897,0.004793165372799319,0.015497386207496142,0.018324843220109986,0.01477251402620917,0.009028456820235915,0.004117708708758986,0.0010476605441292676,0.0003525578051361275,0.0005654577144487636,0.0023536035440370855,0.0040816169805270724,0.0069935710287678315,0.009853146099085882,0.013834518318022222,0.017883120575810988,4.046171953105872e-05
19,0.0034480633462975687,0.02458182517859582,0.01988144412225517,0.019174350953041673,0.01602321831671229,0.005997680865506515,-0.004644999597776128,-0.01228252600373545,-0.013837223983226846,-0.012008735897646696,-0.00850961785524353,-0.004886968808556673,-0.0030961505793984955,-0.0018369070927217329,-0.0025360558245499237,-0.00334315080478476,-0.005544117403197718,-0.007750288158525233,-0.011187417583244774,-0.014586257810357944
20,0.009850957096714805,0.010809773483870997,-0.014766517886621824,-0.019293681490071733,-0.020773470670067573,-0.01978868035721684,-0.013186294543373755,-0.0045508329209591955,0.0041336560187723295,0.009499221808523058,0.010970198071044315,0.01002131330464391,0.007472497371068417,0.00531601751169821,0.003339677415567345,0.0029797378706579104,0.0029295114262031115,0.004302272137791653,0.005954890462753105,0.008665542222406576
21,0.013395719631893342,0.005104583391284508,-0.006452813357688097,0.004275705286173429,0.012937270220688298,0.01806793832267838,0.020190321659836523,0.017911332124501,0.011743440563829342,0.0040422000005628355,-0.002987053940789977,-0.007146011919741727,-0.009352945352927118,-0.008453788304649342,-0.0074979903626233935,-0.005478882112116248,-0.00458885269405495,-0.0037721834211320395,-0.004302259217451709,-0.005120380186029301
22,0.0047868290944298045,-0.01915563976749723,-0.02557562344730853,-0.010776360356291299,-0.008049382539772023,-0.011300007407789131,-0.015064603379591875,-0.01886561988638898,-0.01885957871350413,-0.016083867235153287,-0.010579849021570534,-0.003878359917054467,0.0013663384717433112,0.0053917355474383715,0.006806345759522997,0.007245437514117847,0.006185490899718209,0.0054639171670986635,0.004519563487215197,0.0044791248683718095
23,0.005318784261269771,-0.0009093597954635701,0.018231562670043656,0.023747938628348637,0.0188901001672786,0.014432336521720941,0.013831925718837724,0.015510629102626218,0.01789827471251453,0.01939401759594651,0.018201124887340814,0.014796732140607071,0.009448399005780036,0.004066119266251561,-0.0010520825275234108,-0.003971094758383829,-0.005991618087314034,-0.006124412346291388,-0.0060930031293938295,-0.005299206729126421
24,0.013013751215887444,0.013388914428904613,0.014162749433440912,-0.002517521653074826,-0.014142670202869584,-0.017767769482157664,-0.01654988779927587,-0.016254310489598585,-0.01627036536448101,-0.017961822181474664,-0.01949809341872075,-0.01933565897831967,-0.01825206740268881,-0.013920184914155215,-0.009682074731057479,-0.004361581766673823,-0.0004851334543335602,0.0028041427910409393,0.004362831871062109,0.005301271311899242
25,0.0007527090555332101,-0.026445794657674136,-0.04162668277866214,-0.030892195430394537,-0.015288803464668075,-0.0006473005600648172,0.009315555691029567,0.013886389169607986,0.015710183393278107,0.016877888305727957,0.017870801619689444,0.01920595950780067,0.01986949872273185,0.0191656589344198,0.01677254959021597,0.013394674910206225,0.008744900487178922,0.004684185729269226,0.0007707621291318762,-0.0017668731278511003
26,0.008534267338439327,0.013561761632567327,0.04065872584761768,0.04485764367149831,0.041291797698572906,0.030347148912281744,0.016591558869151802,0.003925036970719494,-0.005006598474124068,-0.01087694549904284,-0.014528549130463905,-0.016614590547713852,-0.019137600798755643,-0.019603532620530835,-0.020447305860417833,-0.018830856350691445,-0.016677489729319293,-0.012812036270928645,-0.009103789128052793,-0.004927877391775035
27,0.01680749501725722,0.014543195707891815,0.00043841899137110846,-0.02235074983826256,-0.03639080093970252,-0.04174100926419431,-0.03746858473168705,-0.028942599188692925,-0.01684002011255215,-0.006198222993402984,0.0022592744548352514,0.008639185299137233,0.012899285099044462,0.01610715751582695,0.0181321815055405,0.019531044684725895,0.019225612625713345,0.018151581957060434,0.015592362466119178,0.012466226968842406
28,0.007732571909546057,-0.02008589950799599,-0.03626177908412354,-0.020419567646459563,0.001179206824980881,0.020140043272241632,0.03278957941860433,0.03767470759849449,0.03455405491903805,0.02710267937014412,0.017074304341860486,0.007626309676144166,-0.0008790367018693721,-0.0069221344925781345,-0.012294268531301479,-0.015392726988436547,-0.018049904032383334,-0.018796752684215434,-0.01901699396630457,-0.017373091028522525
29,0.007799388841513974,-0.0018378343298468896,0.018233402502793872,0.029611526319092255,0.027316394397849577,0.014001570841902317,-0.002882250885610067,-0.019089023071550096,-0.02918477940844494,-0.03353596639828253,-0.03154942802436448,-0.024944544486351194,-0.017432954288311358,-0.008317304547520844,-0.0010881103631608508,0.005677455633994412,0.010430472812867896,0.014403802212316517,0.0167323523384086,0.018027595597650412
30,0.003297407432299218,-0.010957731587245565,-0.00997200927565901,-0.01575920598101269,-0.024524354076466397,-0.027866087580916642,-0.021619892176901082,-0.010014655143984096,0.0048272839153394795,0.017947854250551003,0.026485903289500963,0.029816561891548635,0.02837752357986028,0.023030537053386348,0.01587228989278773,0.008589666443531964,0.0011947278742870514,-0.004639299554746338,-0.009892111521204937,-0.013355525770536182
31,0.01448571032429061,0.020362053196543866,0.03170511180515215,0.022579354382190334,0.020962745655120463,0.02439086240102422,0.02774236167749253,0.026477408568603922,0.0189913078634167,0.0074942121459493595,-0.00557333770381403,-0.016439970727027544,-0.024611854958166476,-0.02663180996748515,-0.026089800774879497,-0.021230892437055584,-0.015454241245526395,-0.008382282020291877,-0.0020948496255826098,0.003963621388070983
32,0.008687364610366777,-0.013545438109666833,-0.03551809436658871,-0.0371649279029509,-0.032334850150014964,-0.02864829328566928,-0.027478618106486483,-0.029564645784571023,-0.028811960309602713,-0.025142960814221925,-0.017055680217786348,-0.0058753390147686015,0.005194010785766442,0.01498572170486398,0.021191838868517877,0.023935187148995046,0.022686442847158542,0.019281350733035184,0.013910620612306466,0.008093547040232716
33,0.017419668147646592,0.015459568974968665,0.02931950278022111,0.03528552391220756,0.03949893153294347,0.03853683671672298,0.035571224121039705,0.03381205050770658,0.03287995053710208,0.032526383345404954,0.02968757123143391,0.02401896002481667,0.015333498000049427,0.005100297264894677,-0.005485937727313738,-0.013495530598408502,-0.019325019709125757,-0.021187960884766734,-0.020811357727357555,-0.017429756269499896
34,0.010467885812552117,-0.01584784296373495,-0.03283845354970636,-0.03438605915178308,-0.037729282550838676,-0.04149704259510194,-0.041635600248529046,-0.041345997865599,-0.03868731231640207,-0.03765907339658089,-0.03649092062210546,-0.03395754364980358,-0.030759632602871692,-0.02316536911875434,-0.015006633729334898,-0.00481236523919164,0.004130026200674738,0.011866481727314245,0.0166578904518324,0.01889295702299664
35,0.014006173824248458,0.005091659426482647,0.021007196679873007,0.02925518409547469,0.03471206336173399,0.0388630481160606,0.04248063671834187,0.04510070546639798,0.04479795177086741,0.04400459087631411,0.04210719025981175,0.040373944644586816,0.038643279004443594,0.03488941695502518,0.029706095794157287,0.02263506669772494,0.013674152706483911,0.004842772996021123,-0.0037667765823445826,-0.010236123962017953
36,0.01416350196349059,-0.0016571625537381886,-0.007528379988019946,-0.01594033917733087,-0.024429146600150754,-0.0317858274892097,-0.036713774349448364,-0.042411067646846476,-0.045069265578865404,-0.04729736417245527,-0.047420960020830336,-0.04594577123118707,-0.045627226175940075,-0.04235545798706968,-0.04037714607261255,-0.03546295275863717,-0.029837092815060463,-0.02194521052457986,-0.013839065802598981,-0.005027368419784492
37,0.007660643024361514,-0.014951735291233222,-0.014274428253134176,-0.00398629120889184,0.006625568640650484,0.016641873716310006,0.02573416899146837,0.03348951649393609,0.039349810324012496,0.04449641449317807,0.047350604571106486,0.04867775107747367,0.049287581151776456,0.04771312606263645,0.04628877404903874,0.04386749545031683,0.04006357052640407,0.03531715951583479,0.028994758314700497,0.021592120939887396
38,0.016639157799891852,0.015951037634511295,0.03127533954131065,0.02470394394300391,0.015719906811711048,0.004850979873776671,-0.00584657940043257,-0.0168967726800013,-0.025890183291156683,-0.03432660277492521,-0.040961779165399365,-0.04532156997948827,-0.04965560686282943,-0.04973077100012192,-0.0508399435558125,-0.049150615806461816,-0.047598606293755744,-0.04423728717681274,-0.040729962830921854,-0.035041239723930105
39,0.02407379827620836,0.01286926997139122,-0.0037491151899421865,-0.019500230800357638,-0.02389045408474562,-0.02129938787782814,-0.013377192364760012,-0.004009248074539452,0.006797166538845435,0.01725014902672493,0.026534005069772368,0.03467376624842011,0.04161428273322283,0.04588098605923173,0.049160056444187514,0.0506158475294274,0.05045800362819652,0.049533270046850694,0.04760009669098118,0.044483361249508045
40,0.03541419476611091,0.02066565118509148,0.007461900945460921,0.005865212010827152,0.013913235700571363,0.02026551105858469,0.022135074201045518,0.019055743418129493,0.012054861636619254,0.002803392438038401,-0.0076402002110625014,-0.01752583985374063,-0.027729328041376802,-0.034852363985837465,-0.04218412505949465,-0.046223073255258144,-0.04954199637180348,-0.05046672995314932,-0.0511494458817844,-0.04964495707161495
41,0.02263011441806814,-0.027489844794538053,-0.05020208261677411,-0.031920601201486036,-0.020402757058676398,-0.018456753050981864,-0.0199703368141286,-0.022536526723386432,-0.02134717948982668,-0.017558066882771606,-0.010701689524046152,-0.0015518879922176065,0.00803150051399825,0.017979019877508592,0.02700044998741519,0.03502022046343638,0.041036507009449406,0.045757528079114165,0.0488505541182156,0.050355042928385066
42,0.027904028782996186,0.008556188354369032,0.036575981590190834,0.0473223789941011,0.043189948456392215,0.034112065050224086,0.02790591628380819,0.02568111902710655,0.025048761636784427,0.02447024288387456,0.02159166822382345,0.016600067163518143,0.009173984560949035,0.0005778990580901962,-0.009378958324729262,-0.01840550767675583,-0.027460610941448877,-0.03456073112709852,-0.041119217717766464,-0.045227452194304796
43,0.03451795349911549,0.011231017885924042,0.0021836317107770814,-0.0191534490077327,-0.035992729480025666,-0.04254642693546695,-0.03986542846377081,-0.036289894287350036,-0.03187486965739104,-0.029946508919293936,-0.028328934494283593,-0.025610386214633823,-0.02248946102186422,-0.01591220043069226,-0.00890706262461177,0.00024486612615556657,0.009199678025459873,0.018533890132573744,0.026870786068589555,0.03424934738852008
44,0.043903750615747035,0.01676402451382153,0.005129267949789581,0.0013307059888324414,0.011260774801932,0.02533927455579948,0.035938628440303884,0.04064653407900952,0.03988492904925435,0.037828977442729124,0.03491857737821639,0.032492609891447644,0.03013053089222817,0.026453380586697377,0.021579317468117636,0.015435138721057506,0.0074397561273457065,-0.0008647105403162401,-0.01007328122437623,-0.018547791020441882
45,0.03308623213840996,-0.023564339470853526,-0.04213544333071446,-0.026215411194858013,-0.014838571056669272,-0.01404509786676387,-0.020317569691684984,-0.030119378707891973,-0.036418328295395645,-0.040153445283025196,-0.04052668186220323,-0.038715305598420124,-0.03770024511604999,-0.03409192841555274,-0.03172701561371291,-0.026972191617800678,-0.0218562894470911,-0.014767868676353072,-0.007272688376192507,0.0014495682824598143
46,0.025436090208420806,-0.0172418567237096,0.005942901740943794,0.026091157723172716,0.028552873082676705,0.02326566985354874,0.019904058225754407,0.021579305519389386,0.026847071485139512,0.03335511457968224,0.037886054197899866,0.04027876913875645,0.04108906530906796,0.039607547247133265,0.03780981576032355,0.035198496710408984,0.03133554918685594,0.026880771195292537,0.021037673739458116,0.01428470185673073
47,0.03290546165686024,0.012938597368610829,0.03053091802363144,0.013204026255841413,-0.006872971013602483,-0.01905265080147918,-0.021856235295729522,-0.022351591790063418,-0.02255531789328718,-0.025985192152379537,-0.03087739913897811,-0.035284719661740606,-0.03998498593161305,-0.0407487410285237,-0.04198881258800716,-0.04037989109711691,-0.0387281862250168,-0.03535172591469577,-0.03190233379241067,-0.026596081362064487
48,0.032353975404890795,-0.0030720454046940992,-0.017073609009083723,-0.026401838992985344,-0.0213917618139138,-0.007827304115032001,0.006223946331580626,0.015073180500628062,0.019473146554035318,0.022169963383151806,0.024762964177864902,0.02858693270926009,0.03315651242886087,0.03676864026016501,0.03978743493100467,0.04139284158779038,0.041305797175932385,0.04043353511343684,0.038434412297070196,0.03543010095038835
49,0.03728515142076295,0.007872039417133178,0.010705923098473916,0.014954937636633978,0.022602825268194935,0.023589507390008348,0.0168130603683839,0.0057004031777189625,-0.0047025397850214284,-0.012698694677197865,-0.01821071168693775,-0.022043681358173493,-0.02690630432317045,-0.030187316584522592,-0.03504763726117972,-0.03786784491082541,-0.040601125110979165,-0.04133142377971821,-0.04185648623973713,-0.04035756762808943
50,0.028633029743547356,-0.019241934570509264,-0.028516697976721385,-0.02180340510166902,-0.019844436107255333,-0.022822567205916085,-0.024003143789403946,-0.02184569131640377,-0.014090903477118843,-0.004910450422413593,0.0038687835095833198,0.011356045751692728,0.017172290282260874,0.022159995427898194,0.02674970786171754,0.03128155766319887,0.034885154034673675,0.03813737127568942,0.04031161854272683,0.04138299952808015
51,0.031190132618404493,0.0031330902425900056,0.022486645548232636,0.027695853849310465,0.02702739861758532,0.02513434978530935,0.025487273197791323,0.026546086166385794,0.025138718358374293,0.020695858136918634,0.013091531620010305,0.004755109360885335,-0.003810285840740452,-0.010543396619712929,-0.01730531059748564,-0.02229011915103182,-0.027534845263510455,-0.03149235655726773,-0.0356721178125661,-0.03819043701447432
52,0.03685534345830989,0.009337265430327675,0.0058209740147780005,-0.00942833888365763,-0.020043236678430464,-0.025304934012214685,-0.02611515388222954,-0.027625605268609715,-0.02784572794009917,-0.027871803738121943,-0.025301406803265536,-0.01969183012612951,-0.013171508522738825,-0.00470185283176994,0.0026604013682325835,0.010110648896766735,0.016193583256689074,0.022102637247894002,0.027125786418957645,0.031636964241559457
53,0.03142138199183779,-0.012818081231377882,-0.023406338522183528,-0.016319835401731993,-0.003614980936109207,0.00878868291311915,0.018216871241170086,0.023781906219479444,0.02669665119879297,0.028760840347719724,0.029150968406168445,0.02797699351721326,0.024657226231262926,0.01901846546962149,0.011921344589372178,0.0046929861054125135,-0.0030421213036496025,-0.009688340647441243,-0.01638869673248721,-0.02185366824331576
54,0.03366417095504855,0.0025056800645246653,0.015219616023134023,0.020905440635606665,0.020357793999825905,0.012839461486836358,0.0024613505717845604,-0.008416653627235895,-0.01649437425702735,-0.022713766990464877,-0.02680606103051977,-0.028709620300075414,-0.030083013523258397,-0.027511890976524785,-0.02446747555007972,-0.018410270984382453,-0.012037599417104763,-0.0045179873575819166,0.0024475733371987426,0.009517852120462257
55,0.028867461500929087,-0.011546045907048523,-0.015054750091007756,-0.016894264019725495,-0.02041030558087645,-0.02192099714619287,-0.01789262673417173,-0.010880786240103026,-0.00113352326776734,0.008124561638552,0.015799659864843486,0.021894660945263923,0.026197037254365035,0.028293131371862405,0.028540751150084188,0.02683340180072276,0.022725909314163843,0.017576194130209766,0.011072311362784608,0.00437996253746537
56,0.008466094764752257,-0.04269490836973989,-0.032675052519442783,-0.009952063091901359,0.0039021626850792527,0.013021848518742489,0.01866223664916617,0.0196144301739687,0.015893327295861185,0.009002016734604608,0.00029171326413676994,-0.00794217258730183,-0.01599880817750027,-0.021206375091389257,-0.026005451752127307,-0.027599687339779983,-0.027972988059103362,-0.025574300134139093,-0.022177744673311052,-0.016689164726739755
57,0.009960987947943385,0.0010127858363991422,0.04447208659015512,0.04203871527884202,0.028381274498317288,0.013111322227199736,0.0003839030299818957,-0.009768530171275354,-0.015039831210094147,-0.016257746240297057,-0.013237083941639576,-0.006926033810023506,0.00018529437123003797,0.008138659821949681,0.014834865375657855,0.020675246261657537,0.024267708807545616,0.026400533869372005,0.026300118982169968,0.02443189579678558
58,0.002775476027992757,-0.016314396670141427,-0.018430434362306715,-0.03479453798844498,-0.04162088880406971,-0.03761725503983337,-0.02626686954853984,-0.01425499193865823,-0.0021782616294462906,0.006808230444837547,0.011776639014833569,0.012862542742718874,0.010032483646761601,0.004953371933261829,-0.0020153651705299485,-0.00852182851909551,-0.015137116614060492,-0.019871853769884085,-0.023768727055516786,-0.025151468480436923
59,-0.005170369285281355,-0.017832117941832423,-0.0021372095680037067,0.008653384612413061,0.02373914075146667,0.03506097089461533,0.03845199675255692,0.034706415068772145,0.025432989849742724,0.014576649924737778,0.0038585220747845506,-0.004045387306268104,-0.009216878134600853,-0.009672185919343726,-0.007941257378111433,-0.002993041980179811,0.002525604819027002,0.008941901487858681,0.014496747177874417,0.01929357482764378
60,-0.007789784478246334,-0.007199892175142417,0.010384521273705228,0.006584288907880152,-0.0009945188610856563,-0.013311838073535687,-0.025031421829156082,-0.03399216277829394,-0.0353503398755766,-0.03197934980937469,-0.024260157153923625,-0.014416799750882937,-0.005788110554013916,0.0017271133420536657,0.005539237265957183,0.006828492932851985,0.004709038601025274,0.0011263139862907677,-0.004170334622627548,-0.009351802312305712
61,0.0016500424965634642,0.01687187491968774,0.024235307504738776,0.007313427766831902,0.0005260240871573161,0.0007844825101964315,0.007729585980222717,0.017581451723339678,0.026782460271887167,0.03275859262666642,0.033346324521516424,0.0295963810662193,0.022739637942288563,0.01434326831885681,0.006169550696008844,0.0003250410333799587,-0.003594389550510995,-0.0041685670770916046,-0.0028857297203268937,0.0006868052963120411
62,-0.008340236595969351,-0.021913065408550383,-0.04054479149169174,-0.03582460424720932,-0.023311118874594486,-0.012830483285132808,-0.006803186862695729,-0.007761431009162704,-0.012952720881507585,-0.02089362955406902,-0.027933208897487974,-0.03144231076927572,-0.032365920863250824,-0.027695520813094635,-0.022140909496047544,-0.01432182861384214,-0.007736401115543139,-0.002067442258210777,0.0008834300952995404,0.0019368986958559129
63,-0.014183814117100636,-0.013635726497048717,0.007957575767671478,0.026323782380201142,0.03390085452468071,0.03068614322857061,0.023158628760874815,0.016081474383143043,0.012456733157493636,0.013416998737491427,0.017596945170598385,0.02339612918003938,0.02841808934570208,0.030557073895493236,0.02980855776850755,0.026297565694763166,0.020373848358567676,0.014216922627087694,0.008111506893065092,0.0036772382897811407
64,-0.01469789309091898,-0.0029973757633702824,0.01039083366237665,0.001049607876352959,-0.013604011786432686,-0.025538079908839852,-0.02914897945736257,-0.028003484191472406,-0.022634906180586896,-0.018447951000324335,-0.016655972362708656,-0.017566252453309297,-0.02183477787162446,-0.025256285955826446,-0.029275935290555225,-0.02989650722499182,-0.028868682644035106,-0.02483897179986217,-0.02009105066388549,-0.014149537005434636
65,-0.004345224831935163,0.018694021160842244,0.0217820989034214,0.005964099256814251,0.002800318152972564,0.008775836749258479,0.018332404166268836,0.025469523958073306,0.027763689961165038,0.026578376700239496,0.023143462165211785,0.02045385187576642,0.019595935497981155,0.02082902186592264,0.02350608144779711,0.026718917375848025,0.028509958345476493,0.02899471344504349,0.02724742858600546,0.023858619304753945
66,-0.009563810024890264,-0.012388163047322518,-0.03260633393544077,-0.030123587069447223,-0.019480005658381972,-0.011994601037935409,-0.010555767945333888,-0.015453926623315815,-0.02100166627307585,-0.025649677073432353,-0.02719604989633749,-0.02582546347415058,-0.024623805769798404,-0.022223698607772062,-0.022666111073983156,-0.023361616855963847,-0.025759134695849815,-0.027376913876475693,-0.028915511547678074,-0.02821768640331121
67,-0.010151360857497146,-0.0031440348525714284,0.008953948438865534,0.0225152549911291,0.02873342820496033,0.02585467680752172,0.02018647186817016,0.01649967310725229,0.016646730367450284,0.019863052338719992,0.023395226913042234,0.025994620778079812,0.02683479365413666,0.025869599607942755,0.024546191048884274,0.023900095563741505,0.023752351007826973,0.0250225383740196,0.026516513352184298,0.027930852903484484
68,-0.018591651674537614,-0.01881909347828489,-0.016727756112967344,-0.014374663980486212,-0.019915933799525373,-0.02615257879385143,-0.026937453422486827,-0.02522575175510894,-0.021415967424073246,-0.020012759551750227,-0.020802447676664445,-0.02267210919232291,-0.025876137722008755,-0.02649184681284781,-0.027487894714263324,-0.026328309706449768,-0.025834346795986774,-0.025012743733728256,-0.025686377047534115,-0.026225203964004316
69,-0.027472596283032086,-0.019698693978031045,-0.0014795625407734096,0.008080065487433043,0.012331572495415477,0.017282303188491638,0.02311575905467783,0.02684766620308313,0.02704065950874254,0.02555557285024202,0.02342400738889613,0.022726781472504586,0.023466519944228312,0.0248060086507381,0.026206104747057625,0.027180470070957592,0.02692981605317426,0.02666483506220689,0.026148631489972617,0.02612102918475129
70,-0.013906406737690105,0.02510861462229577,0.045605348770656196,0.025546145706220314,0.009620772072887987,-0.0014873965353053525,-0.009506510563493336,-0.017454883068655464,-0.022747313870463397,-0.026188273024455005,-0.02694542068044764,-0.02584082300974664,-0.0258241408819855,-0.024772627077774244,-0.02604643955205501,-0.026438871149671125,-0.02755908895684125,-0.027487898290869044,-0.0277847166140168,-0.027095876510904622
71,-0.014693961265742843,-0.0035432674335161376,-0.030101665452553,-0.041819266745334864,-0.036476124038702686,-0.024782117153587444,-0.011879590609993837,-0.0012455284030997355,0.00851322907347738,0.016498672860392766,0.02193258264139306,0.025114988532413722,0.02638143447598773,0.02624507159142345,0.026060987632688618,0.02637750890535929,0.026577638657080002,0.02735785145045119,0.02776319789330903,0.02798916227414431
72,-0.015343908889272007,-0.0032685867106110374,-0.0002899607474471017,0.016069816685973168,0.03158637613041876,0.03651197257897411,0.032481755487976764,0.023797618180120057,0.013076779608693315,0.0024377976964884245,-0.007440465429526752,-0.015060820270428302,-0.021422176608345094,-0.024025152506404746,-0.026404672193549365,-0.026546728506435753,-0.027205536172952394,-0.027131570784172238,-0.027956300334054177,-0.027994570465241574
73,-0.012503932610638273,0.003697741204756445,0.006606448328822952,0.0034981566622008476,-0.006701545828189049,-0.02058934828789351,-0.02960896034344918,-0.033245867980226364,-0.029329301526397882,-0.0223003494812783,-0.012967092149873101,-0.0028175436912552814,0.0060745535223367215,0.013825020684489476,0.01924040237804764,0.023106924726267495,0.02496897120553782,0.026367114389868218,0.027076705519334405,0.027730088141307636
74,-0.016253371673226342,-0.00945556222660347,-0.014128836159437717,-0.011660986950906681,-0.008107568031187843,-0.0007868392804979703,0.010722111806185486,0.021637952392276658,0.02849251773242961,0.030488068547359196,0.02716117153490649,0.02062267998861136,0.011947975968981051,0.0029559339367442035,-0.005995460389185003,-0.01276578079400511,-0.018532563167764995,-0.02194030730612864,-0.02480582311955498,-0.02606401528568988
75,-0.014735698302012355,0.001058257962494105,0.010262492530033673,0.013096120619673345,0.013582670181747471,0.011613929333763345,0.006840378915685253,-0.002053956310156565,-0.012099825150119108,-0.0213450828070943,-0.026991645788326763,-0.027783298166125858,-0.02573935887029496,-0.01894014489894945,-0.011707280712755305,-0.002884700613041931,0.004739325293425758,0.0117740044054607,0.016994173593440645,0.02107195501098955
76,-0.015667640588871035,-0.003831483596104611,-0.005612412405683481,-0.008994512980386237,-0.011874095811958177,-0.013700085987037383,-0.012938579745799013,-0.010572656294159504,-0.004261322113900231,0.0041626623396408685,0.013040514544768596,0.02057333841665985,0.025018022430556053,0.02551712806564869,0.02266278324730971,0.017400663627151588,0.010031288230132296,0.0026958294677146078,-0.004813775677693523,-0.010932116626479428
77,-0.018680460661764126,-0.007985177893086793,-0.004853842375079688,0.00013085008180254573,0.005088479168907304,0.009075567851373655,0.012281333484573298,0.013540474813594827,0.01259633217905295,0.008912903788706378,0.002296293133691984,-0.005496371425509805,-0.014022741965569395,-0.01962045447393729,-0.02374603907473084,-0.023481374740957385,-0.0210804755101677,-0.015684635941317724,-0.009554418126578075,-0.0023447726752343647
78,-0.02528425042383465,-0.015153205933313985,-0.007960413595576506,-0.001989621874559618,-0.0010224363911045997,-0.0033129752360331363,-0.006160007676430988,-0.009855879521652518,-0.011947141307990173,-0.012892402234047405,-0.011449034140975131,-0.00703720510412099,-0.0011559801103598936,0.006471178403446798,0.013149650792977462,0.018678878022175206,0.021157579923916005,0.02135013871391267,0.018686351195200308,0.014249686533942374
79,-0.02028047446921834,0.008016958044045827,0.0233061156714455,0.01686795431783631,0.010376902176414507,0.006088573148943544,0.005267482381693468,0.006149656016063418,0.008407935797542204,0.010754939955559232,0.012077557650898232,0.01209901693354059,0.009690287366151509,0.005455564650162739,-0.0008915057605219792,-0.007100161595552117,-0.013398590897526954,-0.017423738252773168,-0.019947328647508873,-0.01939791249889752
80,-0.015711492182181215,0.007149055090057441,-0.0014675070545211114,-0.01387647725955247,-0.016576514852040678,-0.014503662966340036,-0.010462312723419052,-0.008402868306003244,-0.0073784050771415624,-0.008280161777481998,-0.01001515805085899,-0.01132293769787953,-0.012633846872274507,-0.01121773894267108,-0.009001959666029416,-0.004098644437240352,0.0012401520365874304,0.00741507615233226,0.012471033898334961,0.016351625069240365
81,-0.026368306917083337,-0.02324355454877225,-0.03189565864399919,-0.016978632938365552,-0.0015558771115704345,0.0080329092586889,0.012155950680950519,0.012146352678674744,0.010755210710354459,0.009584932121113303,0.00908462763400898,0.009826197430200908,0.010746172405358124,0.011755731007304374,0.011534488086871833,0.010399497176602922,0.007087715421973065,0.0029763555500796654,-0.0024494123813213324,-0.007466698340570044
82,-0.012539996586032073,0.02563184074351769,0.04979791738322589,0.04453295581467053,0.03355482259084231,0.01881959962975631,0.005993899537638115,-0.0032758894539386824,-0.007827702640045562,-0.009753071379651503,-0.010171942012246117,-0.009866798008575244,-0.010677800065253418,-0.010765267170806045,-0.012030979775213993,-0.011920397157944343,-0.011639155214392956,-0.009431427270920681,-0.006510613732602511,-0.0020029147324143863
83,-0.020648410461418642,-0.018156625278999076,-0.045701423187732494,-0.05267762100589891,-0.05269379742915068,-0.04634024945228164,-0.03383513585898966,-0.02131670628272252,-0.009180462368550841,-0.0006782274637810544,0.0045347360165641035,0.007570679451864753,0.008799201211930908,0.009793855338476874,0.010283891489910515,0.011299553882108217,0.011523916121777068,0.011719061970030949,0.010591385988774585,0.008645261257681324
84,-0.020190839365960292,-0.001057839775959222,0.017048955302480615,0.0341404458049459,0.04730620257084931,0.05365975054771836,0.05278049564390456,0.0464400330006965,0.03514268750473689,0.023378537173822815,0.012289477421985212,0.0040014024693883765,-0.002220011611583041,-0.005535251631729782,-0.008305685511957277,-0.009402108401739743,-0.010816068879327553,-0.011255710927074548,-0.011895773642019885,-0.011273858474469661
85,-0.01607469307227227,0.006245137380105101,0.006953398909492583,-0.005823879434352179,-0.021586546703590684,-0.037021592087899596,-0.04721950435609545,-0.05355996699930352,-0.05152070285791117,-0.04560996018992187,-0.03587136651930015,-0.02470688740026197,-0.015406824164163729,-0.006624808781536588,-0.0009298073564317158,0.0037389583156547026,0.006397462251888689,0.008715102542825613,0.009990198458302435,0.011052296925294863
86,-0.004223306712295925,0.0216856513616441,0.015339941296978266,0.004315665180621509,0.005639579004656884,0.014586239944557669,0.027401941403274083,0.04001281913499271,0.04847929714208883,0.05270263582754474,0.050724787612891425,0.04448031575015911,0.03594481489946835,0.02581583533414659,0.016438345582658786,0.008796029289123708,0.002285674683056057,-0.002052181976712765,-0.005674581369472241,-0.007841206648102811
87,-0.0038458473221050634,-0.0012177528354980576,-0.024177286336462836,-0.021965030487220646,-0.014150949015405529,-0.010657788023683354,-0.012901875917520724,-0.021571123300387882,-0.031674908244009585,-0.04218167748403492,-0.04927521238710859,-0.05132224892252634,-0.05060150858354957,-0.04349941185920084,-0.03626971509121702,-0.026669407107363517,-0.018325412623232798,-0.010382779851713283,-0.0044327947173157,0.0006652614730710717
88,-0.01038349437465282,-0.015021176749679156,-0.014798850084177717,0.004859832388843451,0.014706275325317137,0.015462004088367167,0.014035117167557927,0.014460590583575073,0.0187534904316287,0.02659407321399386,0.0354363208242578,0.043512709968086344,0.04939849141645044,0.050269228999878075,0.0482053492595386,0.0427587075750798,0.035026916229877914,0.02696180369364082,0.018844236307484837,0.011752202397514466
89,-0.012918204394223427,-0.007030809974344985,0.007661822392219859,0.0120369349156493,0.004029806726977528,-0.0057642970433236344,-0.010794838710305395,-0.0132792876603003,-0.01419101246124959,-0.01731708887721898,-0.022891171670623253,-0.02992666810844475,-0.03887077153968055,-0.04436545783459084,-0.04938481382078149,-0.049384152470572616,-0.047153424583681394,-0.04146947447479752,-0.03506136271198025,-0.02708191467523691
90,-0.003104489758597929,0.017618201808688852,0.024830215662993243,0.009133514597551174,-0.001447885574604592,-0.002972987074852769,0.0018008409551446556,0.006775643023645618,0.01049985957830579,0.01303853319221395,0.015549807752167182,0.01975639118227346,0.025713805025262323,0.032467451623888206,0.039432888552489005,0.04495650829289671,0.047698261011436684,0.047915084050383736,0.04536489970643659,0.04050659883729143
91,0.00614823798440226,0.016498401274405303,-0.0017271126059008738,-0.01485504371714532,-0.012905416087533435,-0.006183662252314384,-0.00134681107151532,-0.0016605911574475473,-0.004218720152872218,-0.0077177892107955885,-0.010906073270955384,-0.013563082623811893,-0.017825646990984562,-0.02188174708969208,-0.02851752127548925,-0.03438353058217763,-0.040641486353787185,-0.04457939671071369,-0.04732447576128661,-0.04659580937215613
92,0.00948308933940611,0.004685574222261543,-0.012747341707882488,-0.006331168151854031,0.004761634670665935,0.009453812681997508,0.008537821505144963,0.00532289918490255,0.003747133328590523,0.004229735764438203,0.006021654761454942,0.008711015315702678,0.011336278062632155,0.014662041011525077,0.01856371404399307,0.023833762907630562,0.02932472183536442,0.03535025351240118,0.040546480008036304,0.04425236511908322
93,0.024380119756137797,0.02776514071661105,0.023212745939576895,0.019442907799402366,0.014135284362131921,0.005000946901921866,-0.001998259496119602,-0.005619760555585561,-0.005513543464273051,-0.004843199792728195,-0.004858674849097405,-0.005566252365143312,-0.00783694918935964,-0.009633916436417238,-0.012950382668593743,-0.01594318287084943,-0.020518388874253782,-0.025142208186293348,-0.031015575229151035,-0.03596568667750853
94,0.01787686207551396,-0.014952531229505824,-0.04459786321588899,-0.03748718560924241,-0.03080563772907634,-0.024161455362773466,-0.014956809159700647,-0.00691786653031411,-0.000531152107324559,0.002658394399583862,0.0037204115384851673,0.004424639292426964,0.004893052168614576,0.0064024349100906715,0.007941162299542306,0.01057921119156148,0.013203647852996098,0.017050348512419412,0.021314865169570558,0.026370303650896775
95,0.025367494383316133,0.012981036723231613,0.028215278014424153,0.03966102184801605,0.04205166221084218,0.0390863807921906,0.03350636880116075,0.025995629048693625,0.017142614043874547,0.009342736737036082,0.003297396564954756,-0.000197237304381795,-0.002772158741202506,-0.003849342228563574,-0.0056757030570839875,-0.006885428640095893,-0.00916961221351957,-0.011272511712175418,-0.014621271183006886,-0.018040654788911023
96,0.03249234660998329,0.012250893585005284,-0.0013255318402813525,-0.016491824529032723,-0.030383286612283497,-0.038923458286052065,-0.040574122389392044,-0.03967071849385597,-0.033783885021528674,-0.026787916134039382,-0.018863928560390115,-0.011358163283160106,-0.006202254380164353,-0.0017205358526728323,0.000737257791353006,0.0032516277258737014,0.004869523246117341,0.0071123306520867674,0.00918195429851195,0.012016954934756482
97,0.020624058461883525,-0.025661808153628816,-0.039645862729757904,-0.02130839575763209,-0.002487479668626733,0.014945803003514729,0.028587914412406393,0.037087335929966325,0.039792780795308416,0.038785892035754985,0.033778974162059924,0.027047970591934135,0.01979842949748506,0.01307302396222796,0.007297414496734611,0.0033261232648468513,-0.0002486279540681263,-0.0025603011612981264,-0.005116723377228746,-0.007153858071421772
98,0.02996828363268421,0.016681041670969787,0.04306547848458224,0.04509131640157655,0.03621099790666045,0.020745937592684192,0.00337877436966246,-0.013482477587010554,-0.025984992249949147,-0.03460984252404831,-0.038152581685404266,-0.036911293087498964,-0.03389792347708479,-0.026987174955650103,-0.02111602875734518,-0.014373948142677966,-0.009289360498603695,-0.0045408365980582855,-0.0011966696317025484,0.0020128203447545606
99,0.059663954310785305,0.057305091630260124,0.04129408399074882,-0.0012571247621006696,-0.025055634883779473,-0.03292700256386369,-0.027810996964897142,-0.01668726340460318,-0.0015161458561572425,0.012921595866822748,0.024440124052302642,0.03215641803707458,0.03588213467596668,0.03507899195354612,0.031783932288331866,0.026778608762041554,0.020645032486356994,0.015137943900535075,0.00984137232730553,0.005594206304863556
